{
    "Emotion"   : 
    [ 
        { 
            "ID"            : "20150703001", 
            "Mode"          : "0", 
            "Title"         : "warszawianka's emotion", 
            "Author"        : "warszawianka", 
            "E-Mail"        : "", 
            "Website"       : "https://openclipart.org/user-cliparts/warszawianka", 
            "IntroImage"    : "face-devilish", 
            "Description"   : "warszawianka's emotion icon in openclipart.org", 
            "SubDirectory"  : "1003page.emotion/warszawianka", 
            "Images"        : ["face-angel",    "face-crying",      "face-devilish",    "face-glasses", 
                               "face-grin",     "face-kiss",        "face-sad",         "face-smile-big", 
                               "face-smile",    "face-surprise",    "face-wink"     ], 
            "Configure"     : "", 
            "DataLink"      : "" 
            
        } 
    
    ] 
} 